variable,count,mean,std,min,25%,50%,75%,max,original
dummy1,1000.0,0.0003287666691693335,0.011369290576392549,-0.0345201890765416,-0.0070885087702521,0.0002768334861329,0.008087239201554275,0.0351546564060711,-0.0048145701082162
dummy2,1000.0,0.0002588818170748297,0.010382813646396784,-0.0343313552275219,-0.007016376117212149,-1.5919919615470235e-05,0.0073565942700185745,0.0343877936136109,-0.0065014803622744
x1,1000.0,0.07043826291392431,3.0855868398666706,-9.406315465484658,-2.019406785372676,-0.07024902033191835,2.011067930948045,28.205225711135377,28.205225711135377
x2,1000.0,0.16847042715645671,8.061879346211722,-23.08015705243404,-4.92609389661577,0.4272169805895984,4.97348667576532,75.05038138317758,75.05038138317758
x3,1000.0,0.14722464978949082,1.9606928909307582,-5.572870216073572,-1.0988464877412827,0.05644088959164145,1.4479423008261687,17.754457897698877,17.754457897698877
